uploaded_date,series,year,issue,file_name,drive_id,bytes,pages,sha256,status
"2026-07-31","БАПТИСТ","1909","2","Баптист 1909 №02.pdf","1sprvR0V-EAocPkoLeYyPvuKiMKt7mdH_","10111594","24","1aa25e403f6118807ca564f2a3f1f81dc41de424ce8671da3bf7be6f270ad666","VERIFIED; PHYSICALLY IN CANONICAL DRIVE"
"2026-07-31","БАПТИСТ","1909","3","Баптист 1909 №03.pdf","19uPRpCWUIPaF8UgMmU9EAsH2Ej3wQIk-","12023351","28","815ef19fc2c74b24bec200ac08739aa04a4e24fbfb9ec30266cabab75cd394d5","VERIFIED; PHYSICALLY IN CANONICAL DRIVE"
"2026-07-31","БАПТИСТ","1909","4","Баптист 1909 №04.pdf","1XknwMtkRl8K7F1ezvC5S-a39f0RWBx1A","10356065","24","7d8c0c4bc84a2abc6abafe8d6de4457c9ebd45e03b2da437ebff72c46b9f993f","VERIFIED; PHYSICALLY IN CANONICAL DRIVE"
"2026-07-31","БАПТИСТ","1909","5","Баптист 1909 №05.pdf","17nvNddh49NsxUtAUBubUNcXb5Vz5CGPI","9648416","23","adc9c135b5e02237bba102e397452053dc1429365ee54dcc179cdd414857615b","VERIFIED; PHYSICALLY IN CANONICAL DRIVE"
"2026-07-31","БАПТИСТ","1909","6","Баптист 1909 №06.pdf","1oddBO1BKMFf9zjWVpox7TmAOntqG94QD","10528531","24","6f1a9108c3d7ab0805a9d2f239c393f5089f6f05cef2fc8360c7ad752c622bab","VERIFIED; PHYSICALLY IN CANONICAL DRIVE"
"2026-07-31","БАПТИСТ","1909","7","Баптист 1909 №07.pdf","170-25bj_q5V_bLdwY8CKFENkJ2i76A10","10047478","24","f67b41b41c08a694992c912dc627e9ec4bd58280f7a5820b944bdf61eb45e155","VERIFIED; PHYSICALLY IN CANONICAL DRIVE"
"2026-07-31","БАПТИСТ","1909","8","Баптист 1909 №08.pdf","1VJBaybG1GJR0ZkaSYOpCmMlR3-yqZAv3","10187403","24","9e954bdfa4d22322e556aca19e448734e1a4d36c21a46666ac782e1d1abe5374","VERIFIED; PHYSICALLY IN CANONICAL DRIVE"
"2026-07-31","БАПТИСТ","1909","9","Баптист 1909 №09.pdf","1uUdrXe6QS4Hq2JC6m0TPIJwc7LEc_w_0","10726165","24","658171abb55997f40ccaa8c7528b1e3becdbe21bd2de9202daaa06fd96227f8d","VERIFIED; PHYSICALLY IN CANONICAL DRIVE"
"2026-07-31","БАПТИСТ","1909","10","Баптист 1909 №10.pdf","1Rs1-zPXXwA5lVas9j8wter2faqBbBKPF","10757440","24","0269a783eaeae0a5bdc82bbcb1225ed1c051e23edddf22d853de85614e88d387","VERIFIED; PHYSICALLY IN CANONICAL DRIVE"
"2026-07-31","БАПТИСТ","1909","11","Баптист 1909 №11.pdf","1pOyzFgm0NY0A-eBLScb9s9GVEiGVN1rU","9842696","22","0d54f0c2157e76f621bf2fd65137386ae538a792516c473703179bc3127fba73","VERIFIED; PHYSICALLY IN CANONICAL DRIVE"
"2026-07-31","БАПТИСТ","1909","12","Баптист 1909 №12.pdf","1GInBpnKQ423ol1WBLrmuIppdi9nMJrxa","10824355","24","962c8ca60dc995aeb74b705d22433250b32a24b56a063db54f5707b154cf5c11","VERIFIED; PHYSICALLY IN CANONICAL DRIVE"
"2026-07-31","БАПТИСТ","1909","13","Баптист 1909 №13.pdf","1Ig-l1n7VbI4AWDZdl6B74HJ9Izv0xjMi","10397972","24","b628503bc9dcf727062db42720667ddd195838646195e92060e3dbe7baf7f291","VERIFIED; PHYSICALLY IN CANONICAL DRIVE"
"2026-07-31","БАПТИСТ","1909","14","Баптист 1909 №14.pdf","1p4u5opKpjX8NCdcpSP_qLVSfJuZaMvHA","10208812","24","0ad098dd4ef50358db8fef9aca0bd1fef01f005f9f53784da443102bb39680cb","VERIFIED; PHYSICALLY IN CANONICAL DRIVE"
"2026-07-31","БАПТИСТ","1909","15","Баптист 1909 №15.pdf","1Of6XED9n11-rTqk9dD_QUEr8JvaaoTVE","10271732","24","ab9176d45c8b17a14b619e7ea5c31d329015a43cb84d6932d3216e5ca1cae615","VERIFIED; PHYSICALLY IN CANONICAL DRIVE"
"2026-07-31","БАПТИСТ","1909","16","Баптист 1909 №16.pdf","18pXBKhkofQ6C5yAG6ZgnMLHy6qeqALR1","10860012","24","154ce53b41d7dcb0ed0419cdeadb91b4f06523e85d5a0648440a7caa1e72ab6f","VERIFIED; PHYSICALLY IN CANONICAL DRIVE"
"2026-07-31","БАПТИСТ","1909","17","Баптист 1909 №17.pdf","1FNJQCiSGAW5BCM07WmPqWGhrMfPfYo_u","10635148","24","b0c506c473fa772440d6a9803dce14201bad8f29c325f162448869ea35b3875b","VERIFIED; PHYSICALLY IN CANONICAL DRIVE"
"2026-07-31","БАПТИСТ","1909","18","Баптист 1909 №18.pdf","1GDrQji6h0jQ6Ro-25L-aOyVIBjL5ra-0","10652045","24","ab9b573b91a01a6167d5a9d2566895aa5f11c7e7dc01971500d27ff447dbfb68","VERIFIED; PHYSICALLY IN CANONICAL DRIVE"
"2026-07-31","БАПТИСТ","1909","19","Баптист 1909 №19.pdf","1R25wpF8IATohgpxi1bRkYRqkOVMBdxS-","10802661","24","dfe056015b6c27d9ef58eebc10bda7366c4dfa6589bb6b2efee99060055f433c","VERIFIED; PHYSICALLY IN CANONICAL DRIVE"
"2026-07-31","БАПТИСТ","1909","21","Баптист 1909 №21.pdf","1XgbibYTrZ5gD975sViVGYTGMBa7JJe3F","10601587","24","839aeb1852c535ecd16eaf23622b7faf62092ce0858f991b7c10950b1c405f42","VERIFIED; PHYSICALLY IN CANONICAL DRIVE"
"2026-07-31","БАПТИСТ","1909","22","Баптист 1909 №22.pdf","1ES0hGZZSek70l0qUIpDST2eBqBbAzJiD","10784002","24","b34c28acbb8597de3053bee030e4c76ebd33528b88b160104451e47661ffea7f","VERIFIED; PHYSICALLY IN CANONICAL DRIVE"
"2026-07-31","БАПТИСТ","1909","23","Баптист 1909 №23.pdf","1lW0_KUXES_xzC_B3TOoa3rzHa6XeCXx2","10690571","24","741f0d97882004c15cf304c216a3e7a5e40c182bb953928d9ffcbb808ea5d2ae","VERIFIED; PHYSICALLY IN CANONICAL DRIVE"
"2026-07-31","БАПТИСТ","1909","24","Баптист 1909 №24.pdf","1V4_iDVrBMUvs6-6d2ekywb0tgrU7Wmy7","10556080","24","40ab43d242b7f249dba3ee99d97c91ce98c67210da738e951e41d3287318d7d6","VERIFIED; PHYSICALLY IN CANONICAL DRIVE"
"2026-07-31","БАПТИСТ","1909","PACKAGE-01","PART-01_ISSUES-02-09.zip","1XF3_XKaC0ocdd0kPfwVLmrTTB0b5uOJ0","83609650","","12b63424a99b9cdb506ed1019492b4f350879a3e8fea2ce0aa3e56fef2318764","ARCHIVED SOURCE PACKAGE"
"2026-07-31","БАПТИСТ","1909","PACKAGE-02","PART-02_ISSUES-10-16.zip","1Zmcm1YU8xBJqR7u8WEw54rcwG3RjlIfM","73148218","","6ff17c6424f31d04537dabecf9633916c762b4a120a8ed5852c7a35f3f5cadfc","ARCHIVED SOURCE PACKAGE"
"2026-07-31","БАПТИСТ","1909","PACKAGE-03","PART-03_ISSUES-17-24_EXCEPT-20.zip","1rcwA2J0xd4wIJP934f9NL_nQCrMVoN4t","74707247","","08aa4b011394fe561c7f7251d5b34e844202a5bf7e94407e95095b95f8144468","ARCHIVED SOURCE PACKAGE"
"2026-07-31","БАПТИСТ","1909","MANIFEST","BAPTIST_1909_OFFICIAL_PDF_MANIFEST.csv","1E_4o1Okod_NNUjAcpq3u-nazHN7ohFRm","3150","","ea1a80ad4ca5f7cf98b6365591341792b39d230f9e09a1645ac1b60114573bd8","ARCHIVED WITH SOURCE PACKAGE"
"2026-07-31","БАПТИСТ","1909","MANIFEST","BAPTIST_1909_OFFICIAL_PDF_MANIFEST.json","13NqItcLwrn2s9bD4WYlB8mSvlF9ib0r4","7314","","a7c2cc9944ebe0a3d0b37f7792358d32deda63b2bd94010a624bd9f840f8b3a8","ARCHIVED WITH SOURCE PACKAGE"
"2026-07-31","БАПТИСТ","1909","MANIFEST","BAPTIST_1909_ZIP_PARTS_SHA256.csv","1LJAzAaEpNux4gy_WeUwJwqHTr8NXRGlW","365","","1a826e524fc5b5650ca46f90125e3ba3687c0ea790a1249c0014932588c13889","ARCHIVED WITH SOURCE PACKAGE"
"2026-07-31","RESEARCH INTAKE","1917–1929","PACKAGE","RUSSIAN_BAPTISTS_acquisition_packet_2026-07-31.zip","1zq44wKCgZJ3PmgSPILJVQVFZjP3QoFBW","29593822","","ca2b901c4799980da6f6d7788fa15284e07384c119c2e4f79e9ace79e5d6ed45","ARCHIVED IN 90 — SOURCE INTAKES & ORIGINALS"
"2026-07-31","RESEARCH INTAKE","1917–1929","REQUEST LOG","acquisition_requests_2026-07-31.csv","1GNTQsbVoqNjS4b1JJXd239BEYS_ESWX-","1602","","c11d9089ae2004c0aec91f1969ea9e2d86cad0a7d1fc19cfcd54afa55ab28563","ARCHIVED"
"2026-07-31","RESEARCH INTAKE","1917–1929","MANIFEST","SHA256SUMS.txt","136lVSK4akL5jPg0HSgKtzBbEl3UFmsjh","724","","60e3aefcb8fd71414d73382bd67efaf5f8015ef2a682684c45bae8b7f1866eaa","ARCHIVED WITH SOURCE PACKAGE"
"2026-07-31","RESEARCH INTAKE","1917–1929","README","README_RUSSIAN_BAPTISTS_acquisition.txt","1RQkj2AcNl01P4qGhR84A0FBRGyyniK12","3533","","46a2ae227ac6929537ee126aedd45b46f1bfcf1ea5211dafad12bc280a2d2bc3","ARCHIVED WITH SOURCE PACKAGE"
"2026-07-31","1918 DECREE","1918","DECREE","1918 — Декрет об отделении церкви от государства и школы от церкви.pdf","1DBMZB_8usyj2hqXAkZePg4Yi77Nzuh2p","177916","3","7d1e2468f28fcb01e36f521b58f8d51c3e04dfc453be3efb3e4663720e31b400","VERIFIED PRIMARY SOURCE"
"2026-07-31","РЕВОЛЮЦИЯ И ЦЕРКОВЬ","1920","№9–12","1920 — Революция и церковь — №9–12.pdf","1vpiJlF8gZu9CisUJhxexiZXiFgd66W1Y","28973536","113","e4049614bd79ea7f9b50f9ebfcf8ddf4d37e2b430f61c9d1080fd1102e50f739","VERIFIED PRIMARY SOURCE"
"2026-07-31","SBHLA AR 881","","AR 881","SBHLA AR 881 — Russian Evangelical Archives — finding aid.pdf","1ImfyB9hpoQxqH2DdXlVPOIrmQ_E1ojiH","260903","28","9f157dd87c1b2e15aec800746ba6d78d528c68f81b7fd86dd168a819e6ebaa88","VERIFIED FINDING AID"
"2026-07-31","SBHLA AR 915","","AR 915","SBHLA AR 915 — Albert Wardin Russian Baptists Collection — finding aid.pdf","1MRL3MPovajDDS5RlYAe2cQsVKV8OTg7X","489546","85","2c1b92694e29a936908ca7cecbc9876e51bc5b87e35482b78149124426b58c29","VERIFIED FINDING AID"
"2026-07-31","СЛОВО ИСТИНЫ","1918","№9–12","Слово истины, 1918, №9-12.pdf","1ttsmeqTjjh9FVocrmocJipc1KOcFRxhr","2288722","16","e71a4c59480717b829c94b0ede45b6d40748fb0a232278bcf89be50397ab81fd","VERIFIED FACSIMILE"
"2026-07-31","СЛОВО ИСТИНЫ","1918","№13","Слово истины, 1918, №13.pdf","1Swn3K81bfOh6tDmFtzNsDVv-Lu90blpz","977539","4","b382b86b4cd288f082be528e714ee1b1d16d4e11e0bcd582f72a5394a0f31d39","VERIFIED FACSIMILE"
"2026-07-31","СЛОВО ИСТИНЫ","1918","№14","Слово истины, 1918, №14.pdf","1NsqT1NE-zA0_aq369nrLLbBi9f6eZoWJ","713848","4","65014b2fdcb6737ac6d2e354389b2e7ca3ec4d37fabff49c56c5947f9aa1caea","VERIFIED FACSIMILE"
"2026-07-31","ГОСТЬ","1918","№8","Гость, 1918, №8.pdf","10AWu4IbFAlteD2s1e2e3d7dUXNgs5ZsX","4158758","16","ca925f0e45a6dfc68d568716f308c569a03ba84f757989a2451d66489877dc94","VERIFIED FACSIMILE"
"2026-07-31","ГОСТЬ","1934","January","_Гость_ январь 1934 года.pdf","1YuE16hkyQ4AWN_5ElDzXKr3pBrObJaaU","6905186","6","9b8e168c9f626d103cb8f0174ea8e504885446ae72e3c0838ffba676d412b328","VERIFIED INCOMPLETE FACSIMILE"
"2026-07-31","ГОСТЬ","1934","February","_Гость_ февраль 1934 года.pdf","1ecctAJGJqkyaUN7HKimzI7OE826b-NEQ","7470878","8","18fcda33cb1cc82921ea48dea5cdefd23b2f9992785f6a81503ab8c250731feb","VERIFIED FACSIMILE"
"2026-07-31","ГОСТЬ","1934","March","_Гость_ март 1934 года.pdf","1pMQMafP40p8YJo2ek3iNBNdKzmRat_SG","6134937","7","2a941992891e49083ca873a0b119e37c9ec26bef86091dbee8eaf1fb5431858a","VERIFIED INCOMPLETE FACSIMILE"
"2026-07-31","ГОСТЬ — RESEARCH CONTROL","2026","Batch A","ГОСТЬ — Research Control — 2026-07-31 — AGENT-GUEST-20260731-A","1uejdmSwd98h8z5t-FNWy3JTfbr7DZ8CClPYYkZduves","","","","NATIVE GOOGLE DOC"
"2026-07-31","ГОСТЬ — SOURCE REGISTER","2026","Batch A","ГОСТЬ — Source Register — 2026-07-31 — AGENT-GUEST-20260731-A","1g-XcJGLZUjqF9GWi1C99zPCXIiS6rYnzCQ-zX3ciSYo","","","","NATIVE GOOGLE SHEET"
"2026-07-31","ГОСТЬ — REQUEST REGISTER","2026","Batch A","ГОСТЬ — Institutional Request Register — 2026-07-31 — AGENT-GUEST-20260731-A","15JK5KA4UwYN5xqbS_ZEqiS_-eq4xNQ_YOTWvAWHNCM0","","","","NATIVE GOOGLE SHEET"
"2026-07-31","БРАТСКИЙ ЛИСТОК — AUDIT REGISTER","1906–1910","Batch A","БРАТСКИЙ ЛИСТОК 1906–1910 — АУДИТ И РЕЕСТР — 2026-07-31","15L76H5bufK9Pr8EelwO-KZTYXuKX-weKnOh7qV_ze6k","","","","NATIVE GOOGLE SHEET"
"2026-07-31","RESEARCH REGISTRY","1917–1929","NATIVE GOOGLE SHEET","РУССКИЕ БАПТИСТЫ — SOURCE REGISTRY 1917–1929 — 2026-07-31 04-27","1whDlgYvHmtbd5vF75lhx6v5oOpNL3RHzyq75lQYvxFA","","","","NATIVE GOOGLE SHEET"
